workers,synchronous,journal,jobs,work_ms,elapsed_seconds,jobs_per_second,enqueue_jobs_per_second,claim_p50_ms,claim_p95_ms,claim_p99_ms,ack_p95_ms,worker_counts,claimed,completed,repeat
2,NORMAL,DELETE,160,2.0,1.928889099999651,82.949299677223,267.39277173810444,3.9480499999626772,8.07058500054151,46.633746000252216,60.14756999961719,"[65, 95]",160,160,2
4,NORMAL,DELETE,160,2.0,1.908986399999776,83.81411203349525,174.3994663376411,4.077950000009878,9.578979999469073,46.270749000077394,118.8609899998482,"[36, 79, 37, 8]",160,160,2
1,FULL,DELETE,160,2.0,2.1200974000003043,75.46823084636443,208.73408647221027,4.524850000052538,6.0486199998194925,32.900614000636565,5.701765000003433,[160],160,160,0
4,NORMAL,DELETE,160,2.0,2.016215800000282,79.35658474652249,246.78710185736145,4.216649999762012,10.503275000064583,99.40693899966342,127.8878899999198,"[23, 25, 62, 50]",160,160,1
2,NORMAL,DELETE,160,2.0,2.2011752999997043,72.6884405799127,245.31058159476433,4.260850000264327,6.267204999812738,42.092380999902,59.51235000024991,"[86, 74]",160,160,0
2,NORMAL,DELETE,160,2.0,1.9100581000002421,83.76708540959028,240.1833679921351,4.242350000367878,17.718595000314927,38.824844000355334,65.01758499966843,"[76, 84]",160,160,1
1,NORMAL,DELETE,160,2.0,2.079026399999748,76.95909970167739,234.38144320076555,4.122550000374758,6.102709999595389,35.415620000185086,6.753094999248788,[160],160,160,2
4,NORMAL,DELETE,160,2.0,2.027432300000328,78.91755497827184,240.50653080468985,4.241199999796663,18.205650000209047,52.14682799958599,137.13623999933566,"[27, 56, 56, 21]",160,160,0
4,FULL,DELETE,160,2.0,2.2718361000006553,70.42761579497476,223.64494575702008,4.658899999867572,16.379364999738705,580.4792380001422,100.70945000047679,"[46, 35, 57, 22]",160,160,1
1,FULL,DELETE,160,2.0,2.2082949999994526,72.45408788229818,219.49111259902384,4.64060000012978,8.925890000045902,12.0560369998293,8.406024999658255,[160],160,160,2
1,NORMAL,DELETE,160,2.0,1.7108192000005147,93.52244819321169,230.80422867974434,4.058200000145007,5.561845000056564,6.699704999846289,5.243585000107484,[160],160,160,1
2,FULL,DELETE,160,2.0,2.444360699999379,65.4567879446109,219.36751956739948,4.803499999979977,8.724359999951027,27.296445999481872,71.09213499929811,"[95, 65]",160,160,0
4,FULL,DELETE,160,2.0,2.180902099999912,73.36413679458902,208.11199755248853,4.714650000096299,9.490719999939754,113.65469899979864,172.30251000064462,"[42, 44, 57, 17]",160,160,2
2,FULL,DELETE,160,2.0,2.3298817999993844,68.67301165236893,205.16421407795167,4.722850000234757,7.458770000539507,52.374878999607894,92.10011499990276,"[86, 74]",160,160,1
4,FULL,DELETE,160,2.0,2.12872040000002,75.16252486705088,218.3032841134612,4.664150000280642,10.57093499957769,26.85984700002333,173.59133500003728,"[39, 66, 54, 1]",160,160,0
1,NORMAL,DELETE,160,2.0,1.7170142999993914,93.185013077676,162.14902589992602,4.113500000130443,5.547700000170147,7.091477999847481,5.021935000104348,[160],160,160,0
1,FULL,DELETE,160,2.0,2.290749400000095,69.84613856059215,209.3034603224331,4.731850000553095,6.391590000157521,14.821404000022067,7.042205000152535,[160],160,160,1
2,FULL,DELETE,160,2.0,2.0230609000000186,79.08807886109535,196.85516491955886,4.773650000061025,10.593984999877646,15.626359999423578,63.660414999731024,"[77, 83]",160,160,2
